Pertayaan,Jawaban
"Apakah Domino's Pizza memiliki aplikasi?,""Ya, Domino's memiliki aplikasi yang dapat diunduh di Android dan iOS untuk memudahkan pemesanan."""
Bagaimana cara mendaftar di aplikasi Domino's?,Anda dapat mendaftar dengan mengunduh aplikasi dan mengikuti petunjuk pendaftaran di dalam aplikasi.
Apakah ada biaya pengantaran untuk pesanan?,Biaya pengantaran dapat bervariasi tergantung pada lokasi. Silakan cek saat melakukan pemesanan.
"Apa saja topping yang tersedia untuk pizza?,""Kami memiliki berbagai topping seperti pepperoni, jamur, paprika, dan banyak lagi."""
Bagaimana cara mendapatkan informasi tentang promo terbaru?,Anda dapat mengikuti akun media sosial kami atau mendaftar di newsletter untuk mendapatkan informasi promo terbaru.
Apakah ada pilihan pizza vegan di Domino's?,Kami menyediakan pilihan pizza vegan dengan bahan-bahan yang sesuai.
Bagaimana cara mengklaim voucher diskon?,Masukkan kode voucher saat melakukan pemesanan di aplikasi atau situs web.
"Apakah Domino's memiliki menu sarapan?,""Saat ini, Domino's tidak memiliki menu sarapan. Kami fokus pada pizza dan makanan ringan."""
"Apakah saya bisa memesan pizza dengan ukuran kecil?,""Ya, kami menawarkan pizza dalam berbagai ukuran, termasuk ukuran kecil."""
Apakah ada pilihan pizza yang rendah kalori?,Kami memiliki beberapa pilihan pizza yang lebih sehat dengan bahan-bahan segar.
Bagaimana cara mengetahui lokasi outlet Domino's terdekat?,Anda dapat menggunakan fitur pencarian lokasi di aplikasi atau situs web kami.
"Apakah Domino's menyediakan layanan pickup?,""Ya, Anda dapat memesan dan mengambil pesanan langsung di outlet terdekat."""
"Apakah ada batasan waktu untuk menggunakan voucher?,""Ya, setiap voucher memiliki batas waktu yang tertera pada syarat dan ketentuan."""
Bagaimana cara menghubungi outlet Domino's secara langsung?,Anda dapat menemukan nomor telepon outlet di situs web resmi kami.
"Apakah ada pilihan pizza dengan keju ekstra?,""Ya, Anda dapat memilih untuk menambahkan keju ekstra pada pizza Anda."""
"Apakah Domino's memiliki menu makanan penutup?,""Ya, kami memiliki pilihan makanan penutup seperti cokelat lava cake dan es krim."""
Bagaimana cara mendapatkan informasi tentang menu baru?,Anda dapat mengikuti kami di media sosial atau memeriksa situs web untuk pembaruan menu.
"Apakah ada pilihan pizza dengan saus pedas?,""Ya, kami menawarkan beberapa pilihan pizza dengan saus pedas."""
Apakah saya bisa memesan pizza untuk diantarkan ke kantor?,Tentu! Anda dapat memesan pizza untuk diantarkan ke lokasi kantor Anda.
Apakah ada pilihan pizza untuk diet keto?,Kami menyediakan beberapa pilihan yang dapat disesuaikan untuk diet keto.
Bagaimana cara mengajukan komplain tentang layanan?,Anda dapat menghubungi customer service melalui aplikasi atau situs web kami.
"Apakah Domino's memberikan diskon untuk pesanan besar?,""Ya, kami memiliki penawaran khusus untuk pesanan dalam jumlah besar."""
"Apakah ada pilihan pizza dengan bahan organik?,""Kami berusaha menyediakan bahan-bahan segar dan berkualitas, namun tidak semua bahan bersertifikat organik."""
"Apakah saya bisa memesan pizza dengan bahan tertentu dihilangkan?,""Ya, Anda dapat menyesuaikan pesanan pizza dengan menghilangkan bahan tertentu."""
"Apakah ada program referral untuk pelanggan?,""Ya, kami memiliki program referral yang memberikan bonus untuk setiap referral yang berhasil."""
"Apakah Domino's memiliki pilihan pizza tanpa daging?,""Ya, kami memiliki variasi pizza vegetarian yang tidak mengandung daging."""
Bagaimana cara mendapatkan informasi tentang lokasi baru?,Anda dapat mengikuti kami di media sosial untuk pembaruan tentang lokasi baru.
"Apakah ada pilihan pizza dengan bahan lokal?,""Kami berusaha menggunakan bahan-bahan segar, namun ketersediaan bahan lokal dapat bervariasi."""
Apakah saya bisa memesan pizza untuk acara ulang tahun?,Tentu! Kami dapat membantu Anda memesan pizza untuk acara ulang tahun.
"Apakah ada pilihan pizza dengan saus BBQ?,""Ya, kami memiliki pizza yang menggunakan saus BBQ sebagai salah satu pilihan."""
Bagaimana cara mendapatkan kartu hadiah Domino's?,Kartu hadiah dapat dibeli di outlet Domino's atau melalui situs web kami.
"Apakah ada pilihan pizza dengan bahan seafood?,""Ya, kami menawarkan beberapa pilihan pizza dengan bahan seafood seperti Tuna dan Seafood Delight."""
Apakah Domino's memiliki program donasi untuk acara sosial?,Kami mendukung acara sosial dan dapat memberikan donasi dalam bentuk produk. Silakan hubungi outlet untuk informasi lebih lanjut.
Bagaimana cara mendapatkan informasi tentang acara spesial di Domino's?,Anda dapat mengikuti kami di media sosial atau mendaftar di newsletter untuk mendapatkan informasi tentang acara spesial.
"Apakah ada pilihan pizza dengan bahan bebas alergi?,""Kami berusaha menyediakan pilihan yang aman, namun kami sarankan untuk memeriksa dengan staf mengenai alergi makanan."""
"Apakah saya bisa memesan pizza dengan bahan yang tidak biasa?,""Tentu! Anda dapat menyesuaikan pesanan pizza Anda dengan bahan yang Anda inginkan, selama tersedia."""
"Apakah ada pilihan pizza dengan saus marinara?,""Ya, kami memiliki beberapa pilihan pizza yang menggunakan saus marinara."""
Bagaimana cara mendapatkan informasi tentang jam buka outlet?,Jam buka outlet dapat dilihat di situs web resmi atau aplikasi Domino's.
Apakah Domino's memiliki menu spesial untuk hari raya?,Kami sering menawarkan menu spesial untuk hari raya. Silakan cek aplikasi atau situs web untuk informasi lebih lanjut.
Apakah ada pilihan pizza dengan bahan rendah lemak?,Kami memiliki beberapa pilihan pizza yang lebih sehat dengan bahan-bahan rendah lemak.
Apakah saya bisa memesan pizza untuk diambil di outlet lain?,Pesanan biasanya harus diambil di outlet tempat Anda memesan.
Apakah ada pilihan pizza dengan bahan eksotis?,Kami kadang-kadang menawarkan pizza dengan bahan eksotis sebagai menu spesial.
Bagaimana cara mendapatkan informasi tentang kolaborasi dengan merek lain?,Informasi tentang kolaborasi dapat ditemukan di media sosial kami atau situs web resmi.
"Apakah ada pilihan pizza dengan bahan yang dipanggang?,""Ya, kami memiliki beberapa pilihan pizza yang dipanggang dengan bahan-bahan segar."""
Apakah saya bisa memesan pizza dengan bahan yang lebih banyak?,Tentu! Anda dapat menambahkan lebih banyak bahan pada pizza Anda sesuai keinginan.
Apakah ada pilihan pizza dengan saus pesto?,Kami menawarkan beberapa pilihan pizza yang menggunakan saus pesto.
Bagaimana cara mendapatkan informasi tentang program loyalitas?,Anda dapat menemukan informasi tentang program loyalitas di aplikasi atau situs web kami.
Apakah Domino's memiliki pilihan pizza dengan bahan musiman?,Kami kadang-kadang menawarkan pizza dengan bahan musiman sesuai ketersediaan.
Apakah ada pilihan pizza dengan bahan yang dipanggang lebih lama?,Anda dapat meminta pizza Anda dipanggang lebih lama untuk mendapatkan hasil yang lebih renyah.
"Apakah saya bisa memesan pizza dengan bahan yang lebih pedas?,""Ya, Anda dapat meminta tambahan saus pedas atau topping pedas pada pizza Anda."""
Apakah ada pilihan pizza dengan bahan yang lebih manis?,Kami memiliki beberapa pilihan pizza yang menggunakan bahan manis seperti saus BBQ manis.
Bagaimana cara mendapatkan informasi tentang penawaran spesial harian?,Anda dapat memeriksa aplikasi atau situs web kami untuk penawaran spesial harian.
Apakah ada pilihan pizza dengan bahan yang lebih segar?,Kami selalu berusaha menggunakan bahan-bahan segar dalam setiap pizza yang kami buat.
Apakah saya bisa memesan pizza dengan bahan yang lebih beragam?,Tentu! Anda dapat menyesuaikan pesanan pizza Anda dengan berbagai bahan yang tersedia.
Apakah ada pilihan pizza dengan bahan yang lebih tradisional?,Kami menawarkan pizza dengan bahan-bahan tradisional seperti Margherita dan Pepperoni.
Apakah Domino's memiliki pilihan pizza dengan bahan yang lebih inovatif?,Kami sering memperkenalkan pilihan pizza baru dengan bahan-bahan inovatif.
Bagaimana cara mendapatkan informasi tentang pizza baru yang diluncurkan?,Anda dapat mengikuti kami di media sosial atau memeriksa situs web untuk informasi tentang peluncuran pizza baru.
Apakah ada pilihan pizza dengan bahan yang lebih lokal?,Kami berusaha menggunakan bahan-bahan lokal yang segar sesuai dengan ketersediaan.
Apakah saya bisa memesan pizza dengan bahan yang lebih unik?,Tentu! Anda dapat menyesuaikan pesanan pizza Anda dengan bahan yang unik sesuai keinginan.
Apakah ada pilihan pizza dengan bahan yang lebih klasik?,Kami memiliki beberapa pilihan pizza klasik yang selalu disukai pelanggan.
Apakah Domino's memiliki pilihan pizza dengan bahan yang lebih sehat?,Kami menawarkan beberapa pilihan pizza yang lebih sehat dengan bahan-bahan segar dan berkualitas.
"Apakah saya bisa memesan pizza dengan bahan yang lebih berani?,""Ya, Anda dapat meminta bahan yang lebih berani untuk menciptakan kombinasi rasa yang unik."""
Apakah ada pilihan pizza dengan bahan yang lebih ringan?,Kami memiliki beberapa pilihan pizza yang lebih ringan dengan bahan-bahan segar dan sehat.
Bagaimana cara mendapatkan informasi tentang pizza yang sedang tren?,Anda dapat mengikuti kami di media sosial untuk mendapatkan informasi tentang pizza yang sedang tren.
Apakah ada pilihan pizza dengan bahan yang lebih eksklusif?,Kami kadang-kadang menawarkan pizza dengan bahan eksklusif sebagai menu spesial.
Apakah saya bisa memesan pizza dengan bahan yang lebih beragam?,Tentu! Anda dapat menyesuaikan pesanan pizza Anda dengan berbagai bahan yang tersedia.
Apakah ada pilihan pizza dengan bahan yang lebih tradisional?,Kami menawarkan pizza dengan bahan-bahan tradisional seperti Margherita dan Pepperoni.
Apakah Domino's memiliki pilihan pizza dengan bahan yang lebih inovatif?,Kami sering memperkenalkan pilihan pizza baru dengan bahan-bahan inovatif.
Bagaimana cara mendapatkan informasi tentang pizza baru yang diluncurkan?,Anda dapat mengikuti kami di media sosial atau memeriksa situs web untuk informasi tentang peluncuran pizza baru.
Apakah ada pilihan pizza dengan bahan yang lebih lokal?,Kami berusaha menggunakan bahan-bahan lokal yang segar sesuai dengan ketersediaan.
Apakah saya bisa memesan pizza dengan bahan yang lebih unik?,Tentu! Anda dapat menyesuaikan pesanan pizza Anda dengan bahan yang unik sesuai keinginan.
Apakah ada pilihan pizza dengan bahan yang lebih klasik?,Kami memiliki beberapa pilihan pizza klasik yang selalu disukai pelanggan.
Apakah Domino's memiliki pilihan pizza dengan bahan yang lebih sehat?,Kami menawarkan beberapa pilihan pizza yang lebih sehat dengan bahan-bahan segar dan berkualitas.
"Apakah saya bisa memesan pizza dengan bahan yang lebih berani?,""Ya, Anda dapat meminta bahan yang lebih berani untuk menciptakan kombinasi rasa yang unik."""
